id,schema_valid,bleu,rouge,bertscore,llm_score
ex1,False,0.0,0.0,0.4233415722846985,0.0
ex2,False,0.0,0.30769230769230765,0.5666523575782776,0.0
